{"error": false, "size": [1920, 1080], "name": "testdesu", "version": "1.0", "location": {"label": {"start": ["game/script.rpy", 25], "\u30b9\u30c8\u30fc\u30ea\u30fc": ["game/script.rpy", 70], "\u9078\u629e\u80a21": ["game/script.rpy", 90], "\u9078\u629e\u80a2a": ["game/script.rpy", 104], "\u9078\u629e\u80a2b": ["game/script.rpy", 107], "\u9078\u629e\u80a2c": ["game/script.rpy", 110], "\u9078\u629e\u80a2d": ["game/script.rpy", 113], "\u9078\u629e\u80a22": ["game/script.rpy", 121], "\u9078\u629e\u80a23": ["game/script.rpy", 124], "\u9078\u629e\u80a24": ["game/script.rpy", 127], "\u30df\u30cb\u30b2\u30fc\u30e0": ["game/script.rpy", 131], "\u8a2d\u5b9a\u306e\u78ba\u8a8d": ["game/script.rpy", 178], "\u521d\u671f\u753b\u9762\u306b\u623b\u308b": ["game/script.rpy", 181], "\u5b9f\u9a131": ["game/script.rpy", 185]}, "define": {"gui.system_font": ["game/tl/None/common.rpym", 1272], "gui.accent_color": ["game/gui.rpy", 28], "gui.idle_color": ["game/gui.rpy", 32], "gui.idle_small_color": ["game/gui.rpy", 36], "gui.hover_color": ["game/gui.rpy", 40], "gui.selected_color": ["game/gui.rpy", 44], "gui.insensitive_color": ["game/gui.rpy", 47], "gui.muted_color": ["game/gui.rpy", 51], "gui.hover_muted_color": ["game/gui.rpy", 52], "gui.text_color": ["game/gui.rpy", 56], "gui.interface_text_color": ["game/gui.rpy", 57], "gui.text_font": ["game/gui.rpy", 63], "gui.name_text_font": ["game/gui.rpy", 66], "gui.interface_text_font": ["game/gui.rpy", 69], "gui.text_size": ["game/gui.rpy", 72], "gui.name_text_size": ["game/gui.rpy", 75], "gui.interface_text_size": ["game/gui.rpy", 78], "gui.label_text_size": ["game/gui.rpy", 81], "gui.notify_text_size": ["game/gui.rpy", 84], "gui.title_text_size": ["game/gui.rpy", 87], "gui.main_menu_background": ["game/gui.rpy", 96], "gui.game_menu_background": ["game/gui.rpy", 97], "gui.textbox_height": ["game/gui.rpy", 107], "gui.textbox_yalign": ["game/gui.rpy", 111], "gui.name_xpos": ["game/gui.rpy", 116], "gui.name_ypos": ["game/gui.rpy", 117], "gui.name_xalign": ["game/gui.rpy", 121], "gui.namebox_width": ["game/gui.rpy", 126], "gui.namebox_height": ["game/gui.rpy", 127], "gui.namebox_borders": ["game/gui.rpy", 132], "gui.namebox_tile": ["game/gui.rpy", 136], "gui.dialogue_xpos": ["game/gui.rpy", 141], "gui.dialogue_ypos": ["game/gui.rpy", 142], "gui.dialogue_width": ["game/gui.rpy", 145], "gui.dialogue_text_xalign": ["game/gui.rpy", 149], "gui.button_width": ["game/gui.rpy", 161], "gui.button_height": ["game/gui.rpy", 162], "gui.button_borders": ["game/gui.rpy", 167], "gui.button_tile": ["game/gui.rpy", 171], "gui.button_text_font": ["game/gui.rpy", 174], "gui.button_text_size": ["game/gui.rpy", 177], "gui.button_text_idle_color": ["game/gui.rpy", 181], "gui.button_text_hover_color": ["game/gui.rpy", 182], "gui.button_text_selected_color": ["game/gui.rpy", 183], "gui.button_text_insensitive_color": ["game/gui.rpy", 184], "gui.button_text_xalign": ["game/gui.rpy", 188], "gui.radio_button_borders": ["game/gui.rpy", 200], "gui.check_button_borders": ["game/gui.rpy", 202], "gui.confirm_button_text_xalign": ["game/gui.rpy", 204], "gui.page_button_borders": ["game/gui.rpy", 206], "gui.quick_button_borders": ["game/gui.rpy", 208], "gui.quick_button_text_size": ["game/gui.rpy", 209], "gui.quick_button_text_idle_color": ["game/gui.rpy", 210], "gui.quick_button_text_selected_color": ["game/gui.rpy", 211], "gui.choice_button_width": ["game/gui.rpy", 224], "gui.choice_button_height": ["game/gui.rpy", 225], "gui.choice_button_tile": ["game/gui.rpy", 226], "gui.choice_button_borders": ["game/gui.rpy", 227], "gui.choice_button_text_font": ["game/gui.rpy", 228], "gui.choice_button_text_size": ["game/gui.rpy", 229], "gui.choice_button_text_xalign": ["game/gui.rpy", 230], "gui.choice_button_text_idle_color": ["game/gui.rpy", 231], "gui.choice_button_text_hover_color": ["game/gui.rpy", 232], "gui.choice_button_text_insensitive_color": ["game/gui.rpy", 233], "gui.slot_button_width": ["game/gui.rpy", 243], "gui.slot_button_height": ["game/gui.rpy", 244], "gui.slot_button_borders": ["game/gui.rpy", 245], "gui.slot_button_text_size": ["game/gui.rpy", 246], "gui.slot_button_text_xalign": ["game/gui.rpy", 247], "gui.slot_button_text_idle_color": ["game/gui.rpy", 248], "gui.slot_button_text_selected_idle_color": ["game/gui.rpy", 249], "gui.slot_button_text_selected_hover_color": ["game/gui.rpy", 250], "config.thumbnail_width": ["game/gui.rpy", 253], "config.thumbnail_height": ["game/gui.rpy", 254], "gui.file_slot_cols": ["game/gui.rpy", 257], "gui.file_slot_rows": ["game/gui.rpy", 258], "gui.navigation_xpos": ["game/gui.rpy", 266], "gui.skip_ypos": ["game/gui.rpy", 269], "gui.notify_ypos": ["game/gui.rpy", 272], "gui.choice_spacing": ["game/gui.rpy", 275], "gui.navigation_spacing": ["game/gui.rpy", 278], "gui.pref_spacing": ["game/gui.rpy", 281], "gui.pref_button_spacing": ["game/gui.rpy", 284], "gui.page_spacing": ["game/gui.rpy", 287], "gui.slot_spacing": ["game/gui.rpy", 290], "gui.main_menu_text_xalign": ["game/gui.rpy", 293], "gui.frame_borders": ["game/gui.rpy", 303], "gui.confirm_frame_borders": ["game/gui.rpy", 306], "gui.skip_frame_borders": ["game/gui.rpy", 310], "gui.notify_frame_borders": ["game/gui.rpy", 313], "gui.frame_tile": ["game/gui.rpy", 317], "gui.bar_size": ["game/gui.rpy", 329], "gui.scrollbar_size": ["game/gui.rpy", 330], "gui.slider_size": ["game/gui.rpy", 331], "gui.bar_tile": ["game/gui.rpy", 334], "gui.scrollbar_tile": ["game/gui.rpy", 335], "gui.slider_tile": ["game/gui.rpy", 336], "gui.bar_borders": ["game/gui.rpy", 340], "gui.scrollbar_borders": ["game/gui.rpy", 341], "gui.slider_borders": ["game/gui.rpy", 342], "gui.vbar_borders": ["game/gui.rpy", 346], "gui.vscrollbar_borders": ["game/gui.rpy", 347], "gui.vslider_borders": ["game/gui.rpy", 348], "gui.unscrollable": ["game/gui.rpy", 352], "config.history_length": ["game/gui.rpy", 360], "gui.history_height": ["game/gui.rpy", 364], "gui.history_name_xpos": ["game/gui.rpy", 367], "gui.history_name_ypos": ["game/gui.rpy", 368], "gui.history_name_width": ["game/gui.rpy", 369], "gui.history_name_xalign": ["game/gui.rpy", 370], "gui.history_text_xpos": ["game/gui.rpy", 373], "gui.history_text_ypos": ["game/gui.rpy", 374], "gui.history_text_width": ["game/gui.rpy", 375], "gui.history_text_xalign": ["game/gui.rpy", 376], "gui.nvl_borders": ["game/gui.rpy", 385], "gui.nvl_list_length": ["game/gui.rpy", 389], "gui.nvl_height": ["game/gui.rpy", 392], "gui.nvl_spacing": ["game/gui.rpy", 396], "gui.nvl_name_xpos": ["game/gui.rpy", 399], "gui.nvl_name_ypos": ["game/gui.rpy", 400], "gui.nvl_name_width": ["game/gui.rpy", 401], "gui.nvl_name_xalign": ["game/gui.rpy", 402], "gui.nvl_text_xpos": ["game/gui.rpy", 405], "gui.nvl_text_ypos": ["game/gui.rpy", 406], "gui.nvl_text_width": ["game/gui.rpy", 407], "gui.nvl_text_xalign": ["game/gui.rpy", 408], "gui.nvl_thought_xpos": ["game/gui.rpy", 411], "gui.nvl_thought_ypos": ["game/gui.rpy", 412], "gui.nvl_thought_width": ["game/gui.rpy", 413], "gui.nvl_thought_xalign": ["game/gui.rpy", 414], "gui.nvl_button_xpos": ["game/gui.rpy", 417], "gui.nvl_button_xalign": ["game/gui.rpy", 418], "gui.language": ["game/gui.rpy", 426], "quick_menu": ["game/screens.rpy", 270], "gui.history_allow_tags": ["game/screens.rpy", 923], "config.nvl_list_length": ["game/screens.rpy", 1350], "config.name": ["game/options.rpy", 16], "gui.show_name": ["game/options.rpy", 22], "config.version": ["game/options.rpy", 27], "gui.about": ["game/options.rpy", 33], "build.name": ["game/options.rpy", 41], "config.has_sound": ["game/options.rpy", 50], "config.has_music": ["game/options.rpy", 51], "config.has_voice": ["game/options.rpy", 52], "config.enter_transition": ["game/options.rpy", 78], "config.exit_transition": ["game/options.rpy", 79], "config.intra_transition": ["game/options.rpy", 84], "config.after_load_transition": ["game/options.rpy", 89], "config.end_game_transition": ["game/options.rpy", 94], "config.window": ["game/options.rpy", 112], "config.window_show_transition": ["game/options.rpy", 117], "config.window_hide_transition": ["game/options.rpy", 118], "config.save_directory": ["game/options.rpy", 149], "config.window_icon": ["game/options.rpy", 156], "e": ["game/script.rpy", 15]}, "screen": {"say": ["game/screens.rpy", 99], "input": ["game/screens.rpy", 178], "choice": ["game/screens.rpy", 211], "quick_menu": ["game/screens.rpy", 1419], "navigation": ["game/screens.rpy", 291], "main_menu": ["game/screens.rpy", 354], "game_menu": ["game/screens.rpy", 423], "about": ["game/screens.rpy", 550], "save": ["game/screens.rpy", 590], "load": ["game/screens.rpy", 597], "file_slots": ["game/screens.rpy", 604], "preferences": ["game/screens.rpy", 720], "history": ["game/screens.rpy", 881], "help": ["game/screens.rpy", 970], "keyboard_help": ["game/screens.rpy", 999], "mouse_help": ["game/screens.rpy", 1050], "gamepad_help": ["game/screens.rpy", 1073], "confirm": ["game/screens.rpy", 1139], "skip_indicator": ["game/screens.rpy", 1202], "notify": ["game/screens.rpy", 1257], "nvl": ["game/screens.rpy", 1296], "nvl_dialogue": ["game/screens.rpy", 1329]}, "transform": {"delayed_blink": ["game/screens.rpy", 1220], "notify_appear": ["game/screens.rpy", 1268]}, "callable": {"touch": ["game/gui.rpy", 437], "small": ["game/gui.rpy", 443]}}, "build": {"directory_name": "testdesu-1.0", "executable_name": "testdesu", "include_update": false, "packages": [{"name": "pc", "formats": ["zip"], "file_lists": ["windows", "linux", "renpy", "all"], "description": "PC: Windows and Linux", "update": true, "dlc": false, "hidden": false}, {"name": "linux", "formats": ["tar.bz2"], "file_lists": ["linux", "linux_arm", "renpy", "all"], "description": "Linux", "update": true, "dlc": false, "hidden": false}, {"name": "mac", "formats": ["app-zip", "app-dmg"], "file_lists": ["mac", "renpy", "all"], "description": "Macintosh", "update": true, "dlc": false, "hidden": false}, {"name": "win", "formats": ["zip"], "file_lists": ["windows", "renpy", "all"], "description": "Windows", "update": true, "dlc": false, "hidden": false}, {"name": "market", "formats": ["bare-zip"], "file_lists": ["windows", "linux", "mac", "renpy", "all"], "description": "Windows, Mac, Linux for Markets", "update": true, "dlc": false, "hidden": false}, {"name": "steam", "formats": ["zip"], "file_lists": ["windows", "linux", "mac", "renpy", "all"], "description": "steam", "update": true, "dlc": false, "hidden": true}, {"name": "android", "formats": ["directory"], "file_lists": ["android", "all"], "description": "android", "update": false, "dlc": true, "hidden": true}, {"name": "ios", "formats": ["directory"], "file_lists": ["ios", "all"], "description": "ios", "update": false, "dlc": true, "hidden": true}, {"name": "web", "formats": ["zip"], "file_lists": ["web", "all"], "description": "web", "update": false, "dlc": true, "hidden": true}], "archives": [["archive", ["all"]]], "documentation_patterns": ["*.html", "*.txt"], "base_patterns": [["*.py", null], ["*.sh", null], ["*.app/", null], ["*.dll", null], ["*.manifest", null], ["lib/", null], ["renpy/", null], ["update/", null], ["common/", null], ["update/", null], ["old-game/", null], ["icon.ico", null], ["icon.icns", null], ["project.json", null], ["log.txt", null], ["errors.txt", null], ["traceback.txt", null], ["image_cache.txt", null], ["text_overflow.txt", null], ["dialogue.txt", null], ["dialogue.tab", null], ["profile_screen.txt", null], ["files.txt", null], ["memory.txt", null], ["tmp/", null], ["game/saves/", null], ["game/bytecode.rpyb", null], ["archived/", null], ["launcherinfo.py", null], ["android.txt", null], ["game/presplash*.*", ["all"]], [".android.json", ["android"]], ["android-*.png", ["android"]], ["android-*.jpg", ["android"]], ["ouya_icon.png", null], ["ios-presplash.*", ["ios"]], ["ios-launchimage.png", null], ["ios-icon.png", null], ["web-presplash.png", ["web"]], ["web-presplash.jpg", ["web"]], ["web-presplash.webp", ["web"]], ["progressive_download.txt", ["web"]], ["steam_appid.txt", null], ["**~", null], ["**.bak", null], ["**/.**", null], ["**/#**", null], ["**/thumbs.db", null], [".*", null], ["**", ["all"]]], "renpy_patterns": [["renpy/common/_compat/**", null], ["renpy/common/_roundrect/**", null], ["renpy/common/_outline/**", null], ["renpy/common/_theme**", null], ["lib/**/_ssl.*", null], ["renpy/**__pycache__/**.cpython-39.pyc", ["all"]], ["renpy/**__pycache__", ["all"]], ["**~", null], ["**/#*", null], ["**/.*", null], ["**.old", null], ["**.new", null], ["**.rpa", null], ["**/steam_appid.txt", null], ["renpy.py", ["all"]], ["renpy/", ["all"]], ["renpy/**.py", ["renpy"]], ["renpy/**.pxd", null], ["renpy/**.pxi", null], ["renpy/**.pyx", null], ["renpy/**.pyc", null], ["renpy/**.pyo", null], ["renpy/common/", ["all"]], ["renpy/common/_compat/**", ["renpy"]], ["renpy/common/**.rpy", ["renpy"]], ["renpy/common/**.rpym", ["renpy"]], ["renpy/common/_compat/**", ["renpy"]], ["renpy/common/**", ["all"]], ["renpy/**", ["all"]], ["lib/*/renpy", null], ["lib/*/renpy.exe", null], ["lib/*/pythonw.exe", null], ["lib/py2-*/", null], ["lib/py*-windows-i686/**", ["windows_i686"]], ["lib/py*-windows-x86_64/**", ["windows"]], ["lib/py*-linux-i686/**", ["linux_i686"]], ["lib/py*-linux-aarch64/**", ["linux_arm"]], ["lib/py*-linux-armv7l/**", ["linux_arm"]], ["lib/py*-linux-*/**", ["linux"]], ["lib/py*-mac-*/**", ["mac"]], ["lib/python2.*/**", null], ["lib/**", ["windows", "linux", "mac", "android", "ios"]], ["renpy.sh", ["linux", "mac"]]], "xbit_patterns": ["**.sh", "lib/py*-linux-*/*", "lib/py*-mac-*/*", "**.app/Contents/MacOS/*"], "version": "1.0", "display_name": "testdesu", "exclude_empty_directories": true, "allow_integrated_gpu": true, "renpy": false, "script_version": true, "destination": "testdesu-1.0-dists", "mac_info_plist": {}, "merge": [["linux_i686", "linux"], ["windows_i686", "windows"]], "include_i686": true, "change_icon_i686": true, "android_permissions": [], "_sdk_fonts": false}}